,,Value,Relative Spacing,Delta Percent
H1,mse,58.325523,0.14429125,0.062386587
H1,std,15.281988,0.20162597,0.32195023
H2,mse,74.68959,0.0034354269,0.897845
H2,std,19.243578,0.0007442387,26.519842
H3,mse,100.0175,0.057537302,0.091517754
H3,std,26.133486,0.0775894,1.0093474
