,,Value,Relative Spacing,Delta Percent
H1,mse,51.878563,0.00034419936,0.18979065
H1,std,13.343712,0.00016168256,0.82376975
H2,mse,66.44739,0.0003464231,0.18615776
H2,std,16.985264,2.0666484e-05,0.79820096
H3,mse,88.90754,0.00051619636,0.17960598
H3,std,22.790022,9.800241e-05,0.771628
