,,Value,Relative Spacing,Delta Percent
H1,mse,63.50796,0.00070551736,0.044463623
H1,std,11.697265,8.187943e-05,0.13331735
H2,mse,81.36456,0.0021699264,0.04513381
H2,std,14.420444,0.0011072643,0.13523631
H3,mse,108.937096,0.003272402,0.05025935
H3,std,19.919504,0.0019536512,0.15158853
