,,Value,Relative Spacing,Delta Percent
H1,mse,56.555977,6.936815e-05,0.19759339
H1,std,9.892602,3.250735e-06,1.1331468
H2,mse,72.47337,0.00019169514,0.19420946
H2,std,12.429503,9.961729e-05,1.1082598
H3,mse,96.9398,0.00033417554,0.18670273
H3,std,16.822485,0.00018846522,1.0698961
