,,Value,Relative Spacing,Delta Percent
Y1,mse,57.613,859.06396,0.03420207
Y1,std,10.185251,1214.4019,0.09168827
Y2,mse,69.51542,8501.032,0.27377164
Y2,std,11.949577,12013.9,1.6637874
Y3,mse,100.66087,1.1656989,953.46204
Y3,std,17.717484,0.0121354265,17794.637
