,,Value,Relative Spacing,Delta Percent
Y1,mse,56.84331,0.0044014878,0.055029348
Y1,std,9.975996,0.0050410447,0.20560363
Y2,mse,72.7692,0.008421014,0.06783297
Y2,std,12.46059,0.009909674,0.22564417
Y3,mse,97.55861,0.023773719,0.0115104
Y3,std,16.87824,0.002808184,0.01664667
