,,Value,Relative Spacing,Delta Percent
Y1,mse,73.31769,5.5167003,0.16823098
Y1,std,20.516846,4.2716517,0.93335444
Y2,mse,19.483164,1.1851025,0.016357046
Y2,std,5.6669254,1.4018548,0.058162306
Y3,mse,112.13725,3.901729,0.49816546
Y3,std,30.36865,4.0425854,2.8995802
