,,Value,Relative Spacing,Delta Percent
Y1,mse,79.52852,5.5488386,0.15163276
Y1,std,16.910198,4.2962446,0.9064155
Y2,mse,21.142572,1.1689538,0.013365332
Y2,std,4.83897,1.382794,0.026835242
Y3,mse,121.76398,3.8124154,0.576011
Y3,std,24.319075,3.92132,4.507738
