,,Value,Relative Spacing,Delta Percent
H1,mse,55.823677,3.6472657,0.42850214
H1,std,14.530924,0.44861612,2.528832
H2,mse,67.99738,2.2479694,3.2957046
H2,std,17.41376,3.0701118,45.894253
H3,mse,91.39246,2.6890705,0.2501577
H3,std,23.463614,3.3986957,1.0027148
