,,Value,Relative Spacing,Delta Percent
H1,mse,60.80155,3.7366557,0.4234492
H1,std,11.044667,0.55945456,2.8211596
H2,mse,74.144455,2.221087,4.9297814
H2,std,12.837018,3.0443437,74.649445
H3,mse,99.6065,2.7781477,0.25479344
H3,std,17.487461,3.2621224,1.3861754
