,,Value,Relative Spacing,Delta Percent
Y1,mse,80.69291,0.18720528,0.055247582
Y1,std,17.067083,0.25558153,0.123127796
Y2,mse,27.258924,0.07775733,0.71620303
Y2,std,7.0412536,0.05429692,4.018626
Y3,mse,144.09908,0.27408332,0.06480317
Y3,std,30.098244,0.34822914,0.28542212
