,,Value,Relative Spacing,Delta Percent
H1,mse,64.090126,0.00045743957,0.14618361
H1,std,11.968067,0.0003023419,0.6284029
H2,mse,82.05347,0.0009636313,0.16369088
H2,std,14.659226,0.0007916957,0.7885227
H3,mse,109.78835,0.0021314342,0.15344219
H3,std,20.201643,0.0004441913,0.7056186
